Label,Centroid_X,Centroid_Y,Theta,Percent_Filled,BoundingBox_Ratio
airpods,438.711,185.001,-0.0501261,16860.1,1.35664
airpods,440.931,424.489,-0.00155515,10638.2,2.0625
airpods,174.401,473.673,-0.0219708,14198.9,4.36364
airpods,239.806,477.006,-0.0269796,20642.9,5.83333
airpods,304.788,203.699,-1.44912,21050.3,0.898551
airpods,304.892,202.483,-1.43582,21111.4,0.907143
airpods,304.919,202.836,-1.44104,21134.7,0.905797
airpods,304.925,202.281,-1.43298,21736.1,1.06452
airpods,305.167,202.146,-1.43174,21613.3,0.93985
airpods,305.248,201.922,-1.45154,21643.4,0.925373
airpods,304.944,201.228,-1.44533,21878.4,0.933824
airpods,304.896,203.102,-1.4431,21517.4,0.932836
airpods,302.513,202.39,-1.36064,21928.9,0.950355
airpods,265.28,230.387,1.19528,22133.4,0.969582
airpods,270.128,215.718,1.11283,21894.9,0.950397
airpods,270.72,214.912,1.0825,21836.6,0.944444
airpods,266.877,217.407,1.15363,22006.2,0.964749
airpods,268.878,215.345,1.11173,22039.3,0.957611
airpods,269.549,215.091,1.09442,21605.7,0.933586
airpods,269.938,213.893,1.09387,21716.1,0.941634
airpods,265.294,219.245,1.19036,21865.9,0.961183
airpods,113.089,441.321,0.0237781,20393,1.96591
airpods,113.859,440.827,0.0227364,20283.7,1.92222
airpods,256.033,381.939,-0.669078,21651,0.993007
airpods,286.997,346.973,-0.780933,21839.8,1
airpods,287.301,339.801,-0.741669,21896.4,1.01837
airpods,287.893,333.404,-0.505851,22124.1,1.02174
airpods,290.28,321.777,-0.0924983,22175.3,1.01575
airpods,288.413,329.455,-0.378279,22013,0.978417
airpods,302.805,200.792,-0.604542,22302.4,1.01878
airpods,289.869,200.82,-0.54992,22258.3,1.01008
airpods,289.477,198.446,-0.524245,22310.9,1.0109
airpods,289.372,197.921,-0.580918,22261.8,1.00839
airpods,284.42,265.565,-0.634985,22247.5,1.01859
airpods,310.189,297.186,-0.994242,22359,1.03109
airpods,310.685,295.298,-0.986901,22319.8,1.02904
airpods,309.761,295.583,-0.990886,22372.6,1.03229
airpods,358.411,256.206,1.40923,22203.6,1.0315
airpods,349.388,244.377,1.45791,22221.6,1.0263
airpods,350.219,245.22,1.54697,22082.7,1.02582
airpods,350.735,247.537,1.45535,22198.3,1.02478
airpods,345.744,245.869,-1.41245,22006.7,1.03481
airpods,228.5,208.081,1.05271,22370.7,0.963303
airpods,232.744,200.579,1.1492,22461.8,0.966507
airpods,332.943,43.786,-0.0705708,20772.4,1.62626
airpods,272.583,75.7944,-0.485197,20946.5,0.953043
airpods,425.432,230.211,0.263132,21486.2,0.904939
airpods,320.42,283.394,0.615745,22029,0.961471
airpods,319.855,292.956,0.52157,21587.2,0.933987
airpods,315.336,232.058,0.346491,21761.8,0.948617
airpods,301.34,128.066,0.474882,21462.5,1.02567
airpods,302.527,126.533,0.0971828,21486.4,1.03947
airpods,335.042,130.268,0.772687,21893.6,1.02532
airpods,351.454,129.23,0.411651,21549.8,1.05
airpods,333.602,107.125,1.16876,21702.3,1.02532
airpods,327.881,111.932,1.01067,21921.5,1.02532
airpods,385.93,81.2258,-0.846677,21482.4,1.08057
airpods,388.808,115.112,-1.14141,21812.8,1.0025
airpods,276.954,190.024,1.09432,22216.6,0.977528
airpods,291.785,175.631,-1.34766,22074.6,1.005
airpods,305.278,159.732,-0.254866,21888.8,1.01364
airpods,245.888,181.774,0.0552811,20837.9,1.1
airpods,227.188,213.065,0.430628,21327.6,0.886406
airpods,270.216,205.771,1.24333,21361.8,0.91807
airpods,166.768,158.307,0.908395,20807.4,0.936364
airpods,178.554,69.8804,1.26375,20462.4,1.05838
airpods,195.738,68.3034,1.16545,20913.5,1.00943
airpods,175.351,339.189,0.437882,12092.9,1.58127
airpods,622.777,44.8116,1.3691,12306.8,2.27273
airpods,63.2434,141.049,0.897316,9583.74,0.387428
airpods,415.858,368.38,0.955372,14247.2,0.229167
airpods,623.607,476.443,0.0197351,16907.6,0.347826
airpods,227.542,417.627,0.757693,12630.4,0.466912
airpods,118.612,266.932,1.35158,15983.6,0.759916
airpods,622.778,107.948,1.4932,12063.4,0.177632
airpods,401.033,465.569,1.06249,12551.7,1.15789
airpods,336.294,407.209,1.302,15213.9,0.311966
airpods,314.734,239.88,-0.108894,21172.2,1.1303
airpods,136.432,241.525,1.55773,17050,0.772443
airpods,324.107,207.918,-0.180678,20403.7,1.14223
airpods,229.962,283.9,1.15281,21878,0.992188
airpods,216.601,332.259,-0.501334,21671.8,0.997375
airpods,264.334,261.364,0.617021,21610.7,0.947527
airpods,239.759,273.779,0.324744,21432,0.949008
airpods,331.516,318.9,-0.266994,21807.1,1.01679
airpods,475.812,179.847,0.876469,12577.8,1.1357
airpods,15.3002,407.34,1.5114,13913.8,3.60417
airpods,370.245,168.8,-1.56403,22224.3,1.03083
airpods,351.831,220.699,1.5402,22257.5,1.02011
airpods,314.872,314.349,-0.416928,21981.4,1.04211
airpods,221.999,233.455,0.502959,21789.2,0.992561
airpods,218.192,201.15,1.19916,21543.9,0.967742
airpods,223.003,198.952,1.38978,21433.1,0.953333
airpods,231.456,199.254,1.53673,20760.2,0.916084
airpods,223.138,211.017,1.44606,21502.8,0.959879
airpods,243.271,191.543,-0.12586,21989.9,1.01905
airpods,246.441,186.611,-0.456243,21721.3,1.0398
airpods,249.345,192.12,-0.33953,21792.6,1.03518
airpods,248.202,191.135,-0.474668,21964.1,1.03465
airpods,249.313,189.756,-0.714554,21793.3,1.035
airpods,253.061,189.854,-0.748439,21515.4,1.05291
airpods,258.807,189.437,-0.899842,20866.4,1.07558
airpods,259.188,189.554,-0.908586,20916.8,1.08235
airpods,258.821,188.915,-0.913962,20915.9,1.08187
airpods,259.636,189.466,-0.916278,20802.7,1.08235
airpods,256.503,189.182,-0.934992,20951.5,1.06818
airpods,253.62,185.692,-0.70433,21271.3,1.05978
airpods,255.134,186.758,-0.796952,21061.1,1.06667
airpods,254.639,188.909,-0.752686,21288.1,1.06011
airpods,251.485,187.717,-0.519908,21527.8,1.05181
watch,375.186,266.2,0.756852,16366.8,1.1691
watch,62.4037,435.507,0.426086,12011.7,0.950704
watch,69.4477,381.789,1.01792,13675.6,0.387302
watch,45.3269,397.208,1.09195,19410.1,0.613169
watch,305.936,51.9722,-1.48095,12212.2,0.559868
watch,269.186,255.219,-0.891424,14176.3,7.3284
watch,266.899,260.96,-0.88888,14169,7.39373
watch,265.441,261.171,-0.889179,14250.7,7.4203
watch,266.274,258.124,-0.890447,14215.6,7.39443
watch,265.15,260.787,-0.889026,14282.5,7.43985
watch,265.485,259.818,-0.889411,14251.7,7.38368
watch,266.903,255.742,-0.891701,14199,7.36977
watch,266.15,258.087,-0.890079,14291.3,7.43384
watch,265.42,261.372,-0.888682,14331.9,7.43165
watch,265.766,260.096,-0.889299,14298,7.45156
watch,264.957,261.142,-0.889265,14310.5,7.4363
watch,264.858,260.957,-0.889067,14261.2,7.41995
watch,265.217,259.97,-0.88968,14280.1,7.43084
watch,266.628,257.549,-0.888969,14210.4,7.43431
watch,265.8,260.593,-0.887838,14230,7.46625
watch,269.406,257.024,-0.887144,14207.9,7.39946
watch,269.802,255.439,-0.887521,14151.4,7.36511
watch,308.94,227.668,-0.966327,14085,7.36556
watch,202.488,256.645,-0.938386,14569.4,6.77706
watch,322.746,92.0245,-0.84064,14913.9,1.35606
watch,238.676,218.979,-1.19002,13870.8,7.25616
watch,265.128,225.678,-1.12961,13917.2,7.525
watch,283.292,200.758,-1.1041,13847.7,7.38571
watch,259.264,220.774,-0.439593,13801.5,7.34635
watch,290.913,236.856,-0.212239,13888.6,7.35767
watch,294.231,177.668,-0.299308,13899.5,7.36864
watch,230.313,210.554,-0.642791,13849.6,7.50076
watch,267.942,186.909,-1.03521,13832.1,7.53476
watch,283.681,224.552,-1.14397,13950.4,7.54386
watch,277.499,274.909,-1.40778,13827.6,7.19179
watch,324.696,284.436,1.51082,14112.8,0.142104
watch,298.609,250.172,1.34867,13829.5,0.136294
watch,235.131,314.31,0.919417,13666,0.134495
watch,331.055,347.667,0.718167,13427.2,0.138748
watch,338.2,273.039,0.678538,13612.3,0.136532
watch,321.699,215.648,0.666394,13935.9,0.134725
watch,322.028,222.961,0.651187,13842.3,0.13452
watch,378.432,264.541,0.465422,13990.8,0.135674
watch,380.481,230.171,0.145168,14160.7,0.138461
watch,297.479,230.938,-0.175631,13791.4,7.20811
watch,271.167,224.261,-0.309167,14009.9,7.28044
watch,369.061,243.083,-0.370148,13610.2,7.34081
watch,392.3,279.398,-0.358219,13810.7,7.30993
watch,376.022,250.662,-0.414667,13554.5,7.34843
watch,397.821,284.449,-0.569297,13757.8,7.40336
watch,421.945,222.178,-0.84929,14117.7,7.6126
watch,441.315,249.728,-1.06458,14098.8,7.46205
watch,462.005,229.597,-1.06488,14101.2,7.39895
watch,462.652,201.428,-1.27089,14256,6.60535
watch,534.002,204.161,-1.48082,14068.1,5.99783
watch,318.83,203.883,1.24228,13946.3,0.135539
watch,319.968,250.064,1.0363,13265.5,0.136073
watch,320.359,229.185,0.895365,13397.4,0.133222
watch,362.03,134.766,0.821129,13989.6,0.158657
watch,297.316,132.3,0.733061,13821.1,0.137318
watch,395.521,125.318,0.74165,14013.8,0.157324
watch,296.752,201.816,0.757413,13891.5,0.148615
watch,410.756,308.007,0.827108,13918.4,0.770393
watch,314.491,217.6,0.692927,13384,0.131955
watch,277.144,187.401,0.671735,14082.4,0.148093
watch,402.34,285.525,0.753332,13362.9,0.770971
watch,346.891,186.909,1.14757,14203,0.149965
watch,11.0512,23.5624,-1.29753,13998.7,0.478261
watch,414.084,332.609,1.21216,14312.9,0.78341
watch,389.789,181.27,-1.55199,14851,6.6375
watch,387.596,337.331,-1.5578,15912.9,0.77749
watch,9.42276,7.7832,-0.617694,13519.4,1.20833
watch,387.752,271.028,-0.938223,14276.2,6.79731
watch,298.416,393.969,-1.04967,13264.3,1.35151
watch,429.608,290.657,0.0218688,14746.4,0.150857
watch,621.467,20.8178,0.944521,13417.4,0.854839
watch,297.708,287.842,-0.0164664,12805.8,0.697318
watch,34.1357,5.53394,-0.493473,14088.7,1.5625
watch,71.4853,4.54902,-0.278635,15482.1,1.71429
watch,350.998,325.547,0.505729,14243.3,0.145216
watch,632.66,34.3355,1.47538,14958.9,0.197917
watch,231.092,259.429,0.695727,13831.1,0.761696
watch,301.761,238.476,1.50761,14187.6,0.135638
watch,356.973,258.257,-1.03401,13809.3,7.31361
watch,337.191,210.523,-0.940655,13956.9,7.46703
watch,255.598,244.965,-0.643195,14016,7.43405
watch,270.396,284.3,-0.0522175,14639.8,6.58162
watch,266.205,283.686,-0.0504696,14411.6,0.148148
watch,266.519,283.355,-0.0504616,14822.3,0.144444
watch,266.563,284.341,-0.0507595,14670.6,6.83544
watch,268.5,282.666,-0.0496619,14716.3,6.8125
watch,267.027,283.469,-0.0500505,14709.9,6.86076
watch,257.239,291.486,-0.0505,14632.1,7.45113
watch,268.121,282.416,-0.0488981,14634.4,6.83823
watch,264.771,283.979,-0.0501401,14710.6,7.00805
watch,262.901,284.724,-0.0499682,14636.6,7.04826
watch,269.404,281.717,-0.0490206,14558.1,6.73676
watch,271.296,281.454,-0.0482389,14740.8,6.75103
watch,266.181,283.136,-0.0494508,14736.8,6.96582
watch,265.389,283.422,-0.0498373,14667.9,6.95113
watch,266.173,283.473,-0.0498315,14756.3,6.94326
watch,265.811,283.399,-0.0495664,14680.2,6.93096
watch,265.673,284.235,-0.050307,14670.8,6.932
watch,267.308,284.181,-0.0507252,14623.6,6.83048
watch,266.43,283.542,-0.0503309,14623.8,6.87032
watch,58.2669,263.009,1.49444,14065.1,2.37129
watch,567.622,441.319,0.495479,11514.5,0.514448
watch,374.227,465.387,0.0441469,12943.9,0.215311
watch,634.784,407.137,-1.40587,10024.5,1.15603
watch,173.267,438.634,1.06793,11178.4,0.5625
watch,284.06,361.457,0.0501482,14825.2,0.449856
watch,278.299,283.038,0.0861868,15182.6,0.448845
watch,296.248,191.335,0.0299569,14898.1,0.451538
watch,341.5,207.781,0.0600584,15042.6,0.435492
watch,336.684,191.698,0.0439676,14994,0.438273
watch,338.514,196.256,0.0694036,15089.8,0.436439
watch,338.758,197.41,0.070572,15050.7,0.436468
watch,338.839,197.259,0.071443,15111,0.432593
watch,338.643,196.74,0.0690881,14994.7,0.435698
watch,359.37,173.203,0.230844,15132,0.438906
watch,353.002,153.696,0.441606,15182.1,0.438716
watch,351.276,147.595,0.437423,15065.5,0.442749
watch,407.32,189.769,0.70883,15466.8,0.425821
watch,391.012,182.005,0.93208,15263.5,0.429507
watch,391.66,183.499,0.93485,15383.9,0.433143
watch,388.553,173.506,0.923811,15211,0.436444
watch,390.851,173.133,0.92632,15275.2,0.438733
watch,365.948,141.191,1.39709,16246.7,1.81202
watch,372.784,168.529,1.45313,15663.3,2.0137
watch,370.457,165.213,1.44946,15491.1,2.03391
watch,377.777,167.48,1.45295,15280.7,2.10916
watch,388.363,182.37,-0.977165,14891.3,2.22738
watch,387.022,178.668,-0.973491,14725.9,2.22027
watch,386.77,177.055,-0.971036,14611.6,2.2078
watch,390.572,177.828,-0.976093,14863.3,2.23901
watch,328.811,179.659,-0.41161,14639.8,2.1261
watch,367.069,197.491,-0.415045,14619.4,2.11042
watch,362.334,190.204,-0.38669,14759.3,2.11274
watch,260.538,175.525,0.08886,15108.9,0.427505
watch,256.051,173.662,0.0739322,15007.7,2.21986
watch,256.045,174.899,0.0759014,15129.4,0.432246
watch,254.353,174.908,0.0681001,14993.6,0.435411
watch,265.404,176.472,0.110856,15785.5,2.27344
watch,225.733,130.474,0.703732,14550.3,0.435206
watch,251.085,131.743,0.766195,14851,0.408139
watch,246.989,134.52,0.75361,14521.3,0.41946
watch,249.423,136.524,0.758754,14918.1,0.412718
watch,231.773,129.53,0.716961,14926.1,0.432727
watch,265.216,250.829,1.18581,14874.6,0.460974
watch,267.94,232.835,1.19165,14827.1,0.457057
watch,235.028,240.301,1.14105,15310,0.493741
watch,297.455,272.328,1.15522,14806.5,0.459142
watch,284.081,267.456,1.15155,14811.4,0.45812
watch,288.691,247.825,1.1822,14965.4,0.446227
watch,280.998,266.013,1.51363,14874.6,2.22395
watch,324.366,266.082,-0.897154,14890.8,2.38898
watch,239.849,205.815,-0.316896,15035.9,2.21511
watch,291.83,176.496,0.383249,14993.8,0.426041
watch,310.773,232.005,0.666249,15261.9,0.408018
watch,346.354,240.454,0.718486,15143.7,0.396491
watch,357.228,234.836,0.75024,15613.1,0.388243
watch,313.315,279.162,-0.797769,14868.7,2.29771
watch,297.885,306.484,0.82921,15159.6,0.470984
watch,489.466,212.261,1.4081,13983.1,1.07883
watch,116.554,12.8311,0.0341724,8846.15,0.366071
watch,364.344,367.406,-0.775959,15422.1,2.39025
watch,190.82,225.753,-0.94571,15327.4,2.30476
watch,141.705,231.154,-1.50661,15771.1,2.18103
watch,212.021,232.001,1.41476,15152.2,0.445291
watch,244.277,200.518,0.889229,14853.6,0.44272
watch,252.355,175.14,0.86121,14635.4,0.453395
watch,270.283,173.054,0.819114,14735.8,0.417083
watch,259.018,179.914,0.809229,14879.4,0.416076
watch,327.288,193.932,-1.21402,14963,2.41991
watch,401.36,350.539,0.214033,15740.5,0.447759
watch,213.603,169.698,-1.16799,15032.9,2.22039
watch,154.89,278.463,-0.830181,15029.4,2.0127
watch,162.526,269.669,-0.833945,15063.4,2.02513
watch,165.18,268.494,-0.833959,15025.5,2.05155
watch,162.281,270.948,-0.843578,15228.7,2.02513
watch,162.173,270.988,-0.842331,15154,2.02708
watch,162.454,271.126,-0.843575,15228.2,2.03333
watch,160.97,270.57,-0.831432,14919.2,2
sunglass,263.976,219.356,-0.0529174,19055.1,3.05519
sunglass,262.642,218.711,-0.0580181,19008.1,3.05871
sunglass,263.026,217.692,-0.0516559,18812.2,3.0416
sunglass,262.625,218.708,-0.0565678,19000.4,3.0497
sunglass,263.558,218.771,-0.0557035,18961,3.04575
sunglass,263.038,219.078,-0.0568928,18917.4,3.05174
sunglass,262.599,218.518,-0.0588968,18946.7,3.06367
sunglass,262.874,218.343,-0.0548948,18952.2,3.05229
sunglass,263.103,217.821,-0.0551939,18934,3.04862
sunglass,265.02,219.098,-0.0504541,18982.8,3.03958
sunglass,293.434,54.1451,-0.00888553,18662.3,3.06977
sunglass,293.194,52.4701,-0.00969256,18695.1,3.088
sunglass,367.356,146.151,-0.170122,18880.2,2.99289
sunglass,365.606,139.418,-0.167619,18884.1,2.9803
sunglass,364.641,135.637,-0.168018,18884.7,2.98206
sunglass,289.191,166.579,-0.727168,18988.8,3.00764
sunglass,289.165,166.337,-0.728474,18964.4,3.00241
sunglass,289.511,164.294,-0.73328,18957.1,3.02541
sunglass,139.116,293.561,-1.48766,19140.1,2.79047
sunglass,137.3,290.159,-1.48864,18969.2,2.81874
sunglass,138.382,289.686,-1.48613,18877.6,2.84775
sunglass,256.445,212.596,1.49328,18720.7,0.330485
sunglass,259.798,210.85,1.49518,18863.3,0.329725
sunglass,260.306,210.663,1.49472,18979,0.329644
sunglass,139.014,437.856,0.054275,18696.7,0.345638
sunglass,139.179,438.673,0.0523192,18462.4,2.93137
sunglass,140.238,437.508,0.0561565,18760.7,2.85714
sunglass,157.14,177.823,-0.00674137,20926.1,2.53681
sunglass,157.037,174.181,0.000139501,21099.2,2.31846
sunglass,326.968,200.524,-0.0626416,19298.7,3.03923
sunglass,327.989,198.586,-0.0623336,19307.5,3.02919
sunglass,282.259,214.33,0.146573,19239.9,0.340165
sunglass,342.872,144.056,0.771984,19452.9,0.324172
sunglass,343.483,143.215,0.770892,19598.9,0.323898
sunglass,306.064,70.4047,-0.79266,18720.3,1.78465
sunglass,286.309,106.068,-0.943049,18420.6,2.22512
sunglass,287.113,104.557,-0.938793,18371,2.22465
sunglass,269.11,190.303,-1.11572,19464.5,3.1441
sunglass,270.429,164.505,-1.11352,19443.8,3.1214
sunglass,320.871,174.406,-1.2386,19502.3,3.05481
sunglass,310.923,161.654,1.54133,20380.9,0.366711
sunglass,298.48,229.489,1.39295,19489.9,0.324005
sunglass,214.06,254.826,0.974419,19364.8,0.318568
sunglass,210.635,254.313,0.967686,19308.9,0.31555
sunglass,206.688,254.414,0.959691,19370.1,0.313383
sunglass,193.751,267.051,0.928318,19348.1,0.305674
sunglass,237.723,282.842,0.239535,19301.8,0.313899
sunglass,221.54,303.113,0.213032,19159.6,0.296339
sunglass,225.308,293.656,0.221452,19014.8,0.297515
sunglass,382.252,299.533,-0.422844,19384.8,3.14035
sunglass,383.431,241.233,-0.417792,19235,3.143
sunglass,400.562,283.926,-0.421906,18967.4,3.32492
sunglass,386.181,282.351,-0.423508,19282.6,3.18963
sunglass,264.173,246.319,-0.77834,19726.3,2.93207
sunglass,330.573,132.099,-1.29777,19327.9,2.94412
sunglass,264.664,252.104,0.430697,19379.4,0.331504
sunglass,363.144,308.551,-0.269452,19474.2,2.93123
sunglass,405.371,247.016,-0.715216,19549.1,3.00862
sunglass,408.454,243.89,-0.423525,19409.1,2.99178
sunglass,394.487,326.355,-0.0694756,19233,2.94282
sunglass,284.958,304.497,0.0141466,19393.7,0.344478
sunglass,284.859,246.474,0.765048,19484.7,0.335411
sunglass,328.469,239.708,1.48159,19275.4,0.332005
sunglass,294.111,227.099,-1.26422,19208.8,3.02145
sunglass,355.914,191.338,-0.640776,19213.1,2.97985
sunglass,227.649,236.88,-0.381937,19491.4,2.99465
sunglass,236.048,245.373,0.425082,19461,0.330438
sunglass,612.826,13.1864,0.29537,14074.9,1.94872
sunglass,316.447,212.407,0.793698,19438.6,0.327864
sunglass,329.232,165.326,1.32072,19326,0.339431
sunglass,345.531,251.333,0.517073,19397.2,0.33112
sunglass,616.794,16.356,0.513937,13375.3,1.36735
sunglass,288.205,314.311,-1.37586,19330.1,3
sunglass,8.69458,34.7584,-1.4378,14289.8,0.26
sunglass,288.338,255.267,1.45626,19334.7,0.342288
sunglass,250.64,250,0.190952,19134.1,0.341685
sunglass,227.803,106.136,1.09261,19414.5,0.342412
sunglass,244.702,220.009,0.452437,19490.9,0.332784
sunglass,227.342,252.648,0.432315,19150.3,0.336335
sunglass,333.492,240.581,-0.685773,19291.5,3.0516
sunglass,381.669,19.9122,0.000435695,15977.6,2.8
sunglass,356.821,227.263,-0.0743084,19099.5,3.06639
sunglass,354.745,223.281,-0.0681991,19275.8,3.00422
sunglass,255.642,360.23,-0.0938148,16606.7,2.91179
sunglass,416.03,304.655,0.0413226,13527.9,0.448276
sunglass,255.624,356.328,-0.0991508,16595.2,2.8525
sunglass,414.066,298.861,0.113821,8217.11,0.439161
sunglass,348.975,176.501,-0.084489,16674.5,2.69292
sunglass,237.36,125.107,-0.00215909,15512.8,0.167128
sunglass,355.811,112.702,-0.14521,19166.1,2.81315
sunglass,397.916,61.5514,-0.262752,16675.5,12.1793
sunglass,311.959,113.781,-0.580947,17126.6,2.58327
sunglass,263.151,117.701,-1.33352,16485.4,2.52288
sunglass,284.913,277.455,1.42869,16484.7,1.64551
sunglass,270.366,150.609,-1.32616,18512.5,0.826764
sunglass,254.127,401.806,-1.56636,17356.6,0.631704
sunglass,230.924,271.143,1.49021,17327.9,0.760807
sunglass,227.084,354.536,0.74153,17824.2,0.363087
sunglass,633.154,5.64,0.7512,15441.2,1
sunglass,300.795,360.351,0.172729,18943.8,0.366817
sunglass,508.606,377.704,-0.0954305,17556.5,2.65853
sunglass,419.015,225.389,-0.671804,18679.8,1.3565
sunglass,512.528,136.15,-0.618989,18819.1,1.29872
sunglass,391.327,276.715,-0.829991,17829.1,2.75154
sunglass,34.8295,28.651,-0.604682,12665.3,1.20455
sunglass,403.714,391.754,-0.176063,18908.6,2.5995
sunglass,27.5396,5.95013,-0.0650942,20452.3,4.33333
sunglass,112.444,2.40994,-0.0481054,18328.1,9.14286
sunglass,394.628,440.674,-0.0400354,18920.8,2.43658
sunglass,284.06,357.365,1.18822,19301.5,0.715878
sunglass,246.542,261.118,1.34456,17904.1,0.634971
sunglass,630.371,20.8356,1.32937,13857.3,0.419355
sunglass,300.116,239.64,-0.986667,16959.4,2.93672
sunglass,224.581,292.073,0.0310637,17575,0.358176
sunglass,159.057,253.579,0.402024,15822.4,0.32071
smartphone,253.026,139.08,-0.031504,24602.9,2.08402
smartphone,253.013,140.571,-0.0318222,24618.8,2.04444
smartphone,252.638,140.175,-0.0314661,24589,2.04803
smartphone,301.157,171.555,0.0036558,24785.8,2.03286
smartphone,300.354,173.312,0.00105341,24857.1,2.02885
smartphone,299.911,171.875,0.00216035,24907.7,2.02381
smartphone,300.381,173.109,0.00186437,24902.7,2.03365
smartphone,230.475,139.877,0.419128,22859.9,0.498422
smartphone,231.978,139.975,0.405501,21384.9,0.489297
smartphone,230.64,137.864,0.408396,22142.5,0.492396
smartphone,230.533,137.385,0.412387,22886.8,0.494751
smartphone,230.825,137.88,0.416189,23138.7,0.497379
smartphone,235.312,135.402,0.385287,21085.3,0.482379
smartphone,400.021,164.766,1.38781,23506.1,0.6
smartphone,385.222,168.229,1.49132,23585.1,0.678112
smartphone,398.066,333.022,1.52004,24749.6,0.746918
smartphone,373.315,200.816,1.48721,23996.5,0.485878
smartphone,375.972,201.524,1.49882,24001,0.495597
smartphone,371.211,194.279,1.50549,24070.1,0.500023
smartphone,370.63,190.109,1.50628,24094.8,0.499633
smartphone,368.994,188.92,1.50548,24077.3,0.501181
smartphone,373.743,181.593,1.49638,23968.4,0.49273
smartphone,348.444,132.01,0.893313,22089.2,0.490122
smartphone,323.716,144.565,0.871688,24074.9,0.483722
smartphone,290.207,118.874,0.00899143,24784.9,2.1223
smartphone,334.229,155.357,-0.0494869,24767.8,2.09501
smartphone,275.546,136.943,-0.204755,24740.2,2.06718
smartphone,239.583,230.439,-0.682125,24802.5,2.10426
smartphone,283.554,313.483,-1.20444,24762.6,2.09706
smartphone,288.248,231.758,-1.2906,24599.4,2.08376
smartphone,341.755,206.686,1.5241,24909.7,0.466164
smartphone,310.778,177.976,1.53722,24914.9,0.468043
smartphone,359.87,280.776,1.34075,24672.9,0.466818
smartphone,385.028,368.886,0.537275,24187.2,0.470451
smartphone,321.496,283.346,0.758858,24118.2,0.471678
smartphone,220.384,141.626,0.845607,23545.3,0.477647
smartphone,231.872,204.771,0.771812,24834.1,0.471429
smartphone,234.213,280.084,0.697903,25014.6,0.471726
smartphone,603.025,27.572,0.541557,13265.4,1.31707
smartphone,248.614,300.512,0.594504,24995.2,0.471172
smartphone,584.74,33.0391,0.387239,13008.1,1.62
smartphone,294.767,269.011,0.160589,24960.8,0.46949
smartphone,344.857,157.802,-0.245524,24954.4,2.12769
smartphone,389.708,118.095,-0.52551,22942.5,2.12766
smartphone,339.928,111.176,-0.567203,22204.7,2.11931
smartphone,346.151,109.015,-0.873251,21167.9,2.09261
smartphone,295.845,136.16,-1.21833,22859.6,2.0626
smartphone,280.065,144.338,-1.32788,23483.9,2.0659
smartphone,375.338,162.268,-1.29453,23207.8,2.13232
smartphone,278.579,133.461,-1.34565,23282.2,1.62908
smartphone,251.514,102.894,-1.45603,23810.6,1.32256
smartphone,198.75,151.42,-1.56553,24857.1,0.540453
smartphone,286.534,146.845,-1.49193,24517.4,2.18973
smartphone,318.657,143.888,-1.43092,23914.2,2.15162
smartphone,339.377,180.985,-1.42446,24673.5,2.14175
smartphone,315.072,187.864,-1.4455,24648.4,2.13747
smartphone,357.148,190.726,-0.524382,24699.5,2.16593
smartphone,229.814,115.823,0.576168,24479.4,0.47807
smartphone,286.127,100.244,-1.44185,23768.7,1.47416
smartphone,403.493,266.405,-0.716957,24489.8,2.04036
smartphone,389.015,283.628,-0.754611,24447,2.01954
smartphone,369.78,301.91,-0.82842,24621.1,2.03112
smartphone,377.011,230.024,0.149506,24527.7,0.489143
smartphone,327.131,296.135,1.07178,23886,0.518028
smartphone,400.463,262.963,1.40162,23923.6,0.522439
smartphone,275.085,322.651,0.0380923,24481.9,0.485335
smartphone,279.614,320.425,0.0443393,24385.9,0.485482
smartphone,279.452,318.718,0.0444118,24155,0.483489
smartphone,298.013,69.3476,0.0248449,23137.4,0.30099
smartphone,388.851,177.028,0.0267515,23938.5,1.69637
smartphone,381.618,360.137,-0.0101764,24086.5,2.20082
smartphone,381.535,254.598,-0.0939139,24028.2,2.35305
smartphone,380.31,256.871,-0.115108,22512.9,2.15987
smartphone,285.916,255.449,-0.777058,23987.1,2.13823
smartphone,287.124,297.937,-1.43108,24265.9,2.14241
smartphone,268.296,264.221,-1.53637,24148.4,2.09109
smartphone,400.95,315.539,-1.18721,24098.6,2.09025
smartphone,356.054,239.075,1.43776,23922.5,0.50527
smartphone,354.093,238.412,1.43482,23738.3,0.51101
smartphone,353.395,247.474,1.43097,23572.6,0.523065
smartphone,353.46,247.856,1.43125,23506.6,0.522427
smartphone,359.078,246.807,1.42714,23515.7,0.52153
huskytoy,280.174,224.591,-0.502131,10307.7,1.48661
huskytoy,278.167,231.319,-0.695927,10559.8,1.08155
huskytoy,203.319,302.19,0.557104,20743.3,0.673913
huskytoy,277.457,220.872,-0.672569,10668.2,1.09729
huskytoy,278.246,231.164,-0.685346,10519.3,1.08222
huskytoy,203.519,301.75,0.236656,21179.9,0.850746
huskytoy,278.649,233.181,-0.689684,10518.5,1.03553
huskytoy,204.602,302.381,0.638074,22271.4,0.853448
huskytoy,278.804,234.655,-0.687605,10520.1,1.09027
huskytoy,205.535,303.088,0.461605,21440.4,0.93578
huskytoy,222.751,211.929,-0.25356,10057.9,1.54513
huskytoy,220.386,214.613,-0.336746,10607.7,1.5457
huskytoy,220.219,214.381,-0.335704,10608,1.54209
huskytoy,219.735,213.845,-0.333652,10632.9,1.54395
huskytoy,219.665,213.438,-0.330771,10545.4,1.53692
huskytoy,220.172,213.959,-0.337103,10556.9,1.54036
huskytoy,219.558,213.735,-0.333246,10652.7,1.54528
huskytoy,220.726,214.298,-0.338437,10617.4,1.54811
huskytoy,219.348,212.828,-0.329736,10604.3,1.53545
huskytoy,216.055,212.528,-0.328666,10647.9,1.52491
huskytoy,211.726,211.576,-0.318719,10590.2,1.07957
huskytoy,220.875,216.02,-0.336603,10598,1.54891
huskytoy,221.578,216.118,-0.344357,10581.3,1.54926
huskytoy,221.679,216.164,-0.34074,10644.8,1.55079
huskytoy,222.434,217.71,-0.349773,10591.4,1.56574
huskytoy,222.132,216.943,-0.344173,10584.4,1.54626
huskytoy,222.992,218.053,-0.353504,10590.8,1.55963
huskytoy,223.067,217.994,-0.349897,10604.7,1.5497
huskytoy,223.951,219.083,-0.35373,10656.9,1.56983
huskytoy,223.244,218.312,-0.351007,10565.2,1.56749
huskytoy,223.093,218.214,-0.350984,10626.9,1.56749
huskytoy,225.471,214.717,-0.272198,10208.7,1.55549
huskytoy,287.362,174.16,-0.814438,10947.6,1.03799
huskytoy,295.104,169.691,-0.826544,11266.7,1.45576
huskytoy,293.899,169.065,-0.834215,11295,1.45344
huskytoy,294.182,169.43,-0.828099,11223.2,0.947004
huskytoy,294.173,170.482,-0.826244,11241.6,1.45623
huskytoy,294.628,171.162,-0.83571,11378.3,1.45052
huskytoy,292.637,164.757,-0.833017,11181.8,1.45617
huskytoy,123.335,136.574,0.200978,11118.8,0.646218
huskytoy,230.092,193.428,-0.517526,14414.3,5.64804
huskytoy,251.786,129.696,0.686226,10402.2,1.10294
huskytoy,257.579,128.119,0.699199,10150,0.667361
huskytoy,251.193,126.296,0.661735,10479.3,1.11781
huskytoy,252.024,126.299,0.670418,10390.6,1.11401
huskytoy,248.502,127.022,0.649269,10610.1,1.12801
huskytoy,255.618,128.863,0.700916,10166.8,0.670152
huskytoy,372.608,170.001,0.711743,10508.8,0.648948
huskytoy,378.695,150.694,0.729714,10597.7,0.661714
huskytoy,378.125,151.873,0.716772,10513.7,0.656191
huskytoy,379.933,150.636,0.734314,10609.6,0.662222
huskytoy,288.265,180.396,0.737769,11537.4,0.710004
huskytoy,311.801,194.085,0.68242,10942,1.09795
huskytoy,315.953,156.575,0.704887,10977.6,0.677126
huskytoy,333.017,130.81,0.794278,10985.8,0.666291
huskytoy,325.666,151.149,1.15896,11100.3,0.679718
huskytoy,359.959,157.569,1.23181,11231.3,0.671888
huskytoy,369.701,169.544,1.23927,11237.3,0.676776
huskytoy,370.685,182.81,1.24277,11243.1,0.678629
huskytoy,369.027,159,1.24069,11154,0.675846
huskytoy,370.411,158.17,1.15258,11417.7,0.678781
huskytoy,345.46,126.059,0.608656,10714,0.672103
huskytoy,352.725,125.809,0.707318,11129.3,0.676564
huskytoy,332.636,161.49,0.426567,10962.4,0.679701
huskytoy,284.754,176.83,-0.252834,10245.4,1.50108
huskytoy,248.822,184.631,-0.285872,10133.6,1.51449
huskytoy,305.414,197.982,-0.445627,10683.8,1.4745
huskytoy,296.399,202.623,-0.962353,10847.4,0.901052
huskytoy,206.603,187.076,-0.959088,11066.6,1.45688
huskytoy,231.461,265.402,-1.28161,10696.6,1.48297
huskytoy,135.661,375.593,-1.30897,10653.6,1.38915
huskytoy,154.184,369.968,-1.29868,11492.9,1.42327
huskytoy,145.753,372.903,-1.29882,11215.1,1.39229
huskytoy,148.551,370.403,-1.28985,11195.1,1.40057
huskytoy,148.258,370.083,-1.29322,11213.8,1.40188
huskytoy,283.074,237.074,-1.50938,10623.1,0.918507
huskytoy,286.829,233.323,-1.53257,11125.5,0.912611
huskytoy,291.401,233.232,-1.54236,11404,0.911923
huskytoy,246.663,249.363,-1.51189,10337.8,0.933534
huskytoy,291.508,217.299,1.49169,10054.1,1.48362
huskytoy,306.601,192.836,1.45682,10184.9,1.48936
huskytoy,274.784,227.918,1.36554,9967.7,0.675104
huskytoy,221.974,196.14,1.14077,10129.1,0.666363
huskytoy,168.286,241.674,0.855424,9939.55,0.6516
huskytoy,217.772,240.644,0.774973,10682.1,1.00064
huskytoy,277.515,316.772,0.586183,10417.8,1.10646
huskytoy,281.461,371.686,0.39535,10050,0.689103
huskytoy,254.797,359.21,0.233782,10218.8,0.69348
huskytoy,240.88,283.866,0.168031,10791,1.11618
huskytoy,240.395,269.145,0.168846,10527.8,1.11141
huskytoy,246.483,316.598,0.171125,11080.5,1.10997
huskytoy,202.26,200.699,0.0379238,11743.8,1.14644
huskytoy,217.754,190.92,-0.22195,11425.7,1.11567
huskytoy,278.295,246.56,-0.281796,10647.9,1.12677
huskytoy,260.621,237.073,-0.337357,10589.9,1.12369
huskytoy,212.24,366.609,-0.237035,10696.6,1.13213
huskytoy,251.403,373.767,-0.163103,10167.9,1.43697
huskytoy,266.827,281.563,1.3177,9728.98,0.86778
huskytoy,620.292,254.31,0.200061,14207.7,0.193353
huskytoy,279.863,278.741,1.21374,9158.78,0.869061
huskytoy,291.08,213.918,1.1989,9104.84,0.875629
huskytoy,296.139,210.677,1.19583,9063.91,0.868051
huskytoy,301.337,220.568,1.21743,8882.68,0.678925
huskytoy,218.436,147.238,1.33313,10095.1,0.892987
huskytoy,87.8126,104.466,1.48608,18102.2,1.40491
huskytoy,230.048,227.948,-1.26035,11468,0.870582
huskytoy,225.245,215.76,-1.29905,12006.8,0.868145
huskytoy,326.604,118.104,-0.41759,12249.5,2.94622
huskytoy,306.609,405.953,1.04747,11890.6,0.920188
huskytoy,284.476,249.848,1.09742,11880.8,1.14144
huskytoy,290.994,228.517,1.08004,11779.6,1.11239
huskytoy,315.225,227.479,1.11202,11474.4,1.11872
huskytoy,193.731,235.528,-0.688934,12709.3,1.83714
huskytoy,325.028,96.582,0.450653,10613.7,0.794559
huskytoy,427.658,155.542,1.24944,16984.8,0.5425
huskytoy,326.724,99.1409,0.459682,10514.5,0.790678
huskytoy,427.803,157.136,1.20946,18556.9,0.520619
huskytoy,414.607,82.1248,0.518071,13160.9,1.00888
huskytoy,505.548,173.557,-0.941914,17455.4,0.857143
huskytoy,469.199,215.299,1.14099,10346.5,1.14891
huskytoy,261.295,292.367,1.18869,10995,1.17488
huskytoy,263.968,317.148,1.16588,11437.1,1.28885
huskytoy,268.473,310.37,1.17586,11132.3,1.1651
huskytoy,273.267,306.894,1.16872,11205.9,1.15093
huskytoy,299.801,209.704,1.2091,10767.1,1.15795
huskytoy,289.936,255.21,1.17842,10608.9,1.17142
huskytoy,304.674,229.509,1.08203,10709,1.15094
huskytoy,306.099,224.538,0.949579,10741.5,1.14933
huskytoy,295.212,231.701,0.510571,10612.3,0.866747
huskytoy,343.147,201.088,0.460445,10841.3,0.862581
huskytoy,285.255,263.168,0.0725586,10388.9,0.875051
huskytoy,296.245,280.083,-0.140487,10537.9,0.878708
huskytoy,274.536,306.57,-0.191706,11239.1,0.878654
huskytoy,273.976,289.195,-0.201519,11142.5,0.880427
huskytoy,280.932,300.323,-0.531072,10918.3,0.872524
huskytoy,276.968,278.287,-0.492326,10934.7,0.879465
huskytoy,275.12,192.96,0.265108,11551.2,0.898451
huskytoy,315.964,44.0341,0.349456,10030.4,1.04959
huskytoy,377.156,166.51,-1.1604,10809.6,1.17232
huskytoy,244.98,321.944,-1.21513,10156.6,1.21818
huskytoy,264.13,350.08,-1.21053,9778.74,1.45294
huskytoy,300.143,305.47,-1.18348,9946.6,1.22011
huskytoy,331.162,220.889,-1.15251,10612.9,1.18792
huskytoy,351.279,242.283,-1.15089,10522.1,1.18107
huskytoy,331.021,241.15,-1.15894,10524.1,1.19769
huskytoy,330.092,264.189,-1.13126,10316.4,1.19809
huskytoy,251.589,225.283,-0.679708,10664,0.819897
huskytoy,276.21,349.812,-0.492505,9510.98,0.823748
huskytoy,220.872,366.665,-0.524462,9310.52,0.700379
huskytoy,310.644,247.85,-0.0087152,10057.9,0.688964
huskytoy,321.261,225.188,0.40961,10422.9,0.823522
huskytoy,327.033,187.401,0.487786,10804.9,0.833283
huskytoy,280.175,163.919,0.479295,10475.5,0.823391
huskytoy,314.551,156.634,1.04811,12167.7,1.36113
huskytoy,304.94,150.754,1.08541,13312.1,1.33671
huskytoy,305.837,154.084,1.0973,12770.9,1.38298
huskytoy,304.701,144.709,1.06256,13356.5,1.34766
huskytoy,306.015,149.091,1.07799,13193.2,1.34038
huskytoy,305.906,149.37,1.08179,13146.3,1.34362
huskytoy,305.834,147.811,1.07584,13182.4,1.336
huskytoy,306.086,149.472,1.09139,13035.2,1.3444
huskytoy,305.777,141.503,1.07175,12999.9,1.35355
huskytoy,305.938,142.547,1.068,13179.3,1.35186
huskytoy,305.631,140.731,1.06182,13100.9,1.34737
mouse,301.705,172.45,0.84189,19945.2,0.634512
mouse,301.571,171.928,0.835,20071.5,0.641865
mouse,304.181,182.052,0.843855,19869.5,0.661972
mouse,320.336,161.451,0.864601,19936,0.669721
mouse,314.39,164.951,0.238025,20134.4,0.670677
mouse,341.358,138.976,-0.231916,19852,1.49303
mouse,342.368,141.13,-0.230515,19806.7,1.5
mouse,341.712,141.665,-0.226766,19860.1,1.46163
mouse,262.292,144.425,-1.33137,20031,1.45375
mouse,262.731,145.679,-1.32716,20117.3,1.42536
mouse,262.819,145.165,-1.33505,20062.7,1.45789
mouse,262.332,142.787,-1.334,20091.4,1.43443
mouse,287.933,180.816,1.36875,20655.8,0.635
mouse,286.52,178.522,1.36736,20696.7,0.63434
mouse,287.196,179.356,1.36125,20790.1,0.635521
mouse,341.238,129.181,1.09557,18612.8,0.63398
mouse,341.391,133.867,1.09904,18959.1,0.636385
mouse,341.341,133.791,1.09628,18926.3,0.638368
mouse,368.232,128.631,0.483916,17015.3,0.655732
mouse,367.752,128.975,0.453918,16857.3,0.656069
mouse,367.775,129.88,0.463876,16994.7,0.654965
mouse,368.076,130.548,0.457083,17003,0.654982
mouse,368.182,132.657,0.473351,17176.9,0.653834
mouse,297.476,189.826,-0.483205,18226.5,1.55476
mouse,295.849,190.868,-0.459689,17759.5,1.55898
mouse,303.935,181.524,-0.608225,19355.3,1.56816
mouse,305.192,180.408,-0.631694,19809.1,1.574
mouse,296.287,191.648,-0.475514,17687.5,1.57191
mouse,283.935,152.332,-1.11098,17982.7,1.51207
mouse,284.086,151.611,-1.10319,18161.9,1.49745
mouse,284.573,153.509,-1.11826,17863.6,1.53667
mouse,303.648,220.462,0.96059,19922.9,0.650083
mouse,313.141,247.757,0.953404,19868.4,0.646362
mouse,300.669,259.36,0.909729,19810.4,0.644967
mouse,312.954,291.663,0.920341,19885.9,0.634474
mouse,380.657,285.978,0.55814,20541.3,0.669811
mouse,361.746,283.628,0.548641,20430.4,0.644201
mouse,350.979,269.16,0.550491,19941.4,0.654582
mouse,375.537,251.716,0.586998,20197.4,0.668203
mouse,296.553,210.183,-0.532231,20089.2,1.55455
mouse,633.248,453.584,-1.46549,15695.7,0.246377
mouse,322.177,219.015,-0.508352,20049,1.57904
mouse,328.282,233.903,-0.530419,19998.5,1.58
mousse,334.262,227.047,-0.523183,20034.2,1.5736
mouse,331.415,221.114,-0.541205,19885.4,1.58199
mouse,294.006,116.086,-1.44117,20759.3,1.52821
mouse,301.842,72.2933,-1.43972,20683.6,1.51463
mouse,350.677,140.581,1.3856,19996.3,0.664388
mouse,345.577,167.951,1.40243,19907.5,0.655797
mouse,322.697,151.045,1.3724,20054.5,0.652237
mouse,313.515,163.999,1.35515,20067.7,0.654001
mouse,284.016,192.289,1.36087,20228.4,0.656693
mouse,288.823,185.074,1.35624,20063.7,0.664495
mouse,291.33,191.777,1.37029,19930.3,0.655026
mouse,292.47,191.869,1.36752,20020.6,0.656693
mouse,317.76,162.699,1.0049,19750.5,0.683824
mouse,307.525,161.982,0.985967,19739.6,0.689139
mouse,306.511,165.259,0.987296,19719,0.690298
mouse,310.64,167.812,1.00393,19732.3,0.686347
mouse,264.662,50.6443,0.00843281,17982.9,3.05512
mouse,564.37,376.361,-1.09953,13566.4,0.648734
mouse,247.765,80.1171,-0.0218607,21171.9,1.96023
mouse,617.691,468.97,-0.261595,9522.73,2.06061
mouse,260.764,219.014,0.0148917,19705,0.671975
mouse,298.668,331.16,-0.0257427,19819.9,0.706444
mouse,301.41,332.404,-0.0181303,19933,0.69197
mouse,302.076,330.072,-0.0219101,19992.4,0.692212
mouse,302.764,323.521,-0.0232498,20161.4,0.692823
mouse,302.922,324.945,-0.0229251,20080.7,0.690537
mouse,345.218,279.131,0.741899,19651.4,0.663713
mouse,345.157,275.32,0.738941,19709.2,0.665383
watch,341.892,220.777,1.35747,14755.5,0.22792
fork,291.391,154.095,-0.209713,11423.9,6.89238
fork,291.363,154.129,-0.209444,11460.3,6.86918
fork,290.941,154.117,-0.209802,11449.7,6.87441
fork,291.399,154.112,-0.209752,11442.8,6.87456
forl,291.101,154.045,-0.209987,11410.1,6.87439
fork,290.649,154.178,-0.209689,11481.2,6.85648
fork,291.264,153.864,-0.210051,11416.9,6.87108
fork,291.178,154.021,-0.210257,11442.9,6.85225
fork,291.182,153.926,-0.209897,11355,6.89018
fork,290.529,154.64,-0.211149,11326.6,6.89105
fork,274.026,236.638,0.573114,10273.4,0.141584
fork,274.517,236.833,0.573253,10209.6,0.141812
fork,274.333,236.656,0.572911,10243.4,0.141361
fork,274.327,236.633,0.572968,10234.1,0.141855
fork,274.026,236.492,0.572933,10236.7,0.141884
fork,273.826,236.659,0.572534,10284.3,0.142162
fork,303.268,216.381,1.28314,10923.3,0.149614
fork,303.234,216.144,1.28318,10954.4,0.148743
fork,302.962,215.885,1.2827,10997.4,0.149546
fork,302.877,215.674,1.28269,11039.1,0.149546
fork,302.903,215.954,1.28237,10937.2,0.148199
fork,302.691,215.94,1.28199,10925.2,0.148583
fork,302.535,215.69,1.28195,11011.4,0.150104
fork,301.829,215.797,1.28103,10961.6,0.1507
fork,301.931,215.405,1.28098,10968.1,0.150412
fork,301.841,215.092,1.28095,10992.4,0.150515
fork,302.045,215.354,1.28134,10962.5,0.150358
fork,301.935,215.112,1.28105,11019.5,0.149828
fork,254.914,200.33,-1.287,11451.1,6.34828
fork,255.047,200.078,-1.28676,11481.5,6.36678
fork,254.094,200.457,-1.28812,11436.9,6.24916
fork,255.436,200.665,-1.28602,11465,6.3586
fork,214.685,181.426,-0.726727,11127.8,6.34094
fork,215.401,181.334,-0.727038,11172.9,6.39136
fork,215.001,181.797,-0.726264,11262.9,6.39246
fork,215.261,181.894,-0.72566,11191,6.35996
fork,216.12,182.568,-0.723612,11153.1,6.39029
fork,216.521,181.304,-0.723928,11232.2,6.36313
fork,219.813,125.974,-0.11477,11890.7,6.13685
fork,219.263,126.276,-0.114298,11863.8,6.14048
fork,219.229,126.497,-0.113554,11938.2,6.19286
fork,219.451,126.34,-0.113509,11928.4,6.16602
fork,219.465,126.283,-0.113575,11861,6.12149
fork,179.827,242.019,0.542263,10911.7,0.13842
fork,179.854,241.928,0.542375,10852.2,0.139091
fork,179.435,241.392,0.542115,10840.3,0.138567
fork,179.592,241.705,0.542104,10823.1,0.139171
fork,180.843,242.042,0.542018,10926.9,0.139259
fork,180.158,241.444,0.54229,10899,0.138923
fork,179.487,241.509,0.541617,10850.7,0.138603
fork,179.431,241.358,0.541692,10879.7,0.138937
fork,179.769,241.986,0.541814,10947.9,0.139121
fork,257.158,206.533,1.3283,11822.1,0.145309
fork,257.252,206.848,1.32835,11793.5,0.146702
fork,256.975,205.787,1.32862,11776.9,0.144686
fork,257.036,205.536,1.32894,11764,0.145694
fork,257.263,204.317,1.32958,11713.7,0.14571
fork,257.284,204.557,1.32993,11719.8,0.145363
fork,257.327,204.781,1.32919,11755.7,0.145634
fork,350.404,216.464,-1.0817,10998.2,7.08696
fork,350.929,215.951,-1.08142,10892.8,7.09353
fork,350.556,216.313,-1.08165,10952.3,7.1087
fork,350.722,216.287,-1.0815,10917.6,7.10754
fork,493.43,209.934,-0.6906,11544.6,6.40469
fork,493.504,210.132,-0.690489,11546.1,6.44205
fork,493.315,210.413,-0.690511,11594.1,6.44103
fork,493.299,210.388,-0.690313,11627.9,6.45754
fork,501.591,273.402,-0.214435,12856.1,4.49726
fork,499.89,273.553,-0.218834,12474.7,4.44011
fork,500.058,273.447,-0.218666,12605.3,4.4893
fork,500.4,273.742,-0.216369,12716.7,4.49544
fork,501.089,274.617,-0.214311,12829.8,4.46248
fork,500.276,275.536,-0.217146,12747.5,4.45039
fork,500.944,276.066,-0.21401,12783.3,4.41878
fork,533.912,305.195,0.203758,13923.2,0.302469
fork,534.726,305.699,0.201862,13844.4,0.306204
fork,535.13,306.095,0.199874,13754.6,0.308994
fork,534.905,306.17,0.200227,13922.4,0.306612
fork,534.884,306.328,0.199633,13934,0.308411
fork,534.894,306.126,0.202234,14016,0.307692
fork,535.084,306.287,0.198296,13799.7,0.308642
fork,522.523,331.029,0.966499,11371.5,0.183937
fork,522.028,331.387,0.965451,11426.6,0.18147
fork,522.063,331.312,0.965201,11361,0.181605
fork,521.825,331.128,0.964838,11380,0.18029
fork,521.761,331.049,0.964754,11382.2,0.18029
for',521.804,331.065,0.964739,11332.6,0.180971
fork,522.016,331.383,0.964778,11338.2,0.180968
fork,521.89,331.057,0.965354,11383.9,0.180971
fork,521.668,330.939,0.964878,11345.7,0.18029
fork,521.798,331.151,0.964931,11345.7,0.18029
fork,521.701,331.086,0.963965,11358.8,0.180704
fork,521.737,331.092,0.964865,11381.1,0.18029
fork,521.728,331.099,0.96465,11411.1,0.18029
fork,483.055,316.804,-1.3768,11264,4.93635
fork,483.079,316.716,-1.37671,11266.2,4.93932
fork,483.007,316.892,-1.37696,11202.9,4.92425
fork,483.043,316.696,-1.37699,11321,4.94729
fork,430.189,283.308,-0.922476,11166.3,6.85679
fork,430.235,282.93,-0.922695,11173,6.80941
fork,430.656,283.433,-0.921687,11166.2,6.85279
fork,431.028,282.785,-0.922071,11285.4,6.85024
fork,200.869,354.29,0.206668,11146.7,0.158736
fork,201.12,354.443,0.206697,11140.6,0.158835
fork,200.55,354.408,0.206782,11115.7,0.158544
fork,470.878,234.921,1.51069,18751.3,1.07159
fork,6.94973,401.171,1.51884,12034.2,0.0876494
fork,276.123,99.411,1.44007,13899,0.259912
fork,490.259,231.132,1.52254,16872.3,0.906054
fork,18.8206,366.352,1.48109,12707.3,5.86207
fork,242.164,6.0904,-0.228197,11877.6,1.9
fork,283.553,63.9797,1.37535,12939.5,0.237864
fork,504.79,204.374,1.26025,14727.9,0.853862
fork,386.736,241.104,0.396431,11064,0.142646
fork,392.784,232.967,0.413895,11476.8,0.143584
fork,390.338,231.164,0.410232,11479.6,0.143941
fork,313.556,289.606,-0.775268,11669.3,7.0625
fork,317.617,288.651,-0.767156,11569.6,7.10938
fork,324.799,287.931,-0.761562,11449.6,7.13846
fork,323.975,289.191,-0.761519,11455,7.03077
fork,324.299,289.254,-0.761626,11445.2,7.07692
fork,314.603,290.05,-1.14409,11078,7.04866
fork,314.991,290.458,-1.14167,11053.6,7.12206
fork,314.966,291.064,-1.14049,11229.8,7.05413
fork,314.56,291.514,-1.14114,10992.1,7.06271
fork,368.505,167.373,1.43693,18869,0.137067
fork,291.8,116.332,1.33213,11823,0.174684
fork,304.923,156.783,1.38896,10841.3,0.147154
fork,333.666,206.511,1.20097,10919.3,0.149149
fork,361.289,237.989,1.25887,10885.8,0.145729
fork,323.225,288.741,1.2802,10977.4,0.147766
fork,320.884,284.328,1.3018,11066.4,0.148683
fork,289.325,272.455,1.26918,10894.3,0.150955
fork,285.89,271.521,1.26731,10906,0.154658
fork,284.68,261.841,1.26977,10915,0.153583
fork,239.88,93.2438,-0.390284,11430.5,6.54375
fork,264.304,122.298,-0.34725,11123,6.60262
fork,257.361,119.556,-0.352413,11196.1,6.60407
fork,260.97,133.113,-0.357542,11272.3,6.54775
fork,278.513,225.716,-0.208325,10999,6.575
fork,272.541,220.96,-0.222118,10849,6.63253
fork,254.829,185.698,-0.256195,10989.1,6.45647
fork,212.456,206.305,0.0635041,11425.8,0.144287
